<xml>
  <dir>
    <title>Popular</title>
    <tmdb>movies/popular</tmdb>
    <summary>Popular Movies</summary>
<thumbnail>https://i.imgur.com/58onscy.png</thumbnail>
<fanart>https://i.imgur.com/5lGY4Rj.jpg</fanart>
  </dir>
  
  <dir>
	<title>New Releases</title>
	<link>https://pastebin.com/raw/ckqMtkBw</link>
<thumbnail>https://i.imgur.com/58onscy.png</thumbnail>
<fanart>https://i.imgur.com/5lGY4Rj.jpg</fanart>
	<content></content>
</dir>

  <dir>
    <title>Now Playing</title>
    <tmdb>movies/now_playing</tmdb>
    <summary>Movies Currently In Theaters</summary>
<thumbnail>https://i.imgur.com/58onscy.png</thumbnail>
<fanart>https://i.imgur.com/5lGY4Rj.jpg</fanart>
  </dir>

  <dir>
    <title>Top Rated</title>
    <tmdb>movies/top_rated</tmdb>
    <summary>Top Rated TMDB Movies</summary>
<thumbnail>https://i.imgur.com/58onscy.png</thumbnail>
<fanart>https://i.imgur.com/5lGY4Rj.jpg</fanart>
  </dir>

  <dir>
    <title>Genres</title>
    <link>file://shared lists/genre_movies.xml</link>
    <summary>Search Movies by Genre</summary>
<thumbnail>https://i.imgur.com/58onscy.png</thumbnail>
<fanart>https://i.imgur.com/5lGY4Rj.jpg</fanart>
  </dir>

  <dir>
    <title>Years</title>
    <link>file://shared lists/movies-years.xml</link>
    <summary>Browse movies by year</summary>
<thumbnail>https://i.imgur.com/58onscy.png</thumbnail>
<fanart>https://i.imgur.com/5lGY4Rj.jpg</fanart>
  </dir>

  <dir>
    <title>S I O P S</title>
    <link>https://pastebin.com/raw/CJjYWkaR</link>
<thumbnail>https://i.imgur.com/58onscy.png</thumbnail>
    <summary></summary>
  </dir> 

  <dir>
	<title>Box Sets</title>
	<link>https://pastebin.com/raw/nd014R0k</link>
<thumbnail>https://i.imgur.com/cv2W35U.png</thumbnail>
<fanart>https://i.imgur.com/5lGY4Rj.jpg</fanart>
	<content></content>
</dir>


</xml>