<xml>
  <dir>
    <title>Popular</title>
    <tmdb>tv/popular</tmdb>
    <summary>Popular Shows</summary>
  <thumbnail>https://i.imgur.com/YCJTEEc.png</thumbnail>
  </dir>

  <dir>
    <title>Airing Today</title>
    <tmdb>tv/today</tmdb>
    <summary>Episodes Airing Today</summary>
  <thumbnail>https://i.imgur.com/YCJTEEc.png</thumbnail>
  </dir>

  <dir>
    <title>Top Rated</title>
    <tmdb>tv/top_rated</tmdb>
    <summary>Top Rated TMDB Shows</summary>
  <thumbnail>https://i.imgur.com/YCJTEEc.png</thumbnail>
  </dir>
  
  <dir>
    <title>Genres</title>
    <link>file://shared lists/genre_tv.xml</link>
  <thumbnail>https://i.imgur.com/YCJTEEc.png</thumbnail>
    <summary>Search Shows by Genre</summary>
  </dir>

    <dir>
    <title>Networks</title>
    <link>file://shared lists/networks.xml</link>
      <thumbnail>https://i.imgur.com/YCJTEEc.png</thumbnail>
    <summary>Search Shows by Network</summary>
  </dir>
  
  <dir>
    <title>On The Air</title>
    <tmdb>tv/on_the_air</tmdb>
  <thumbnail>https://i.imgur.com/YCJTEEc.png</thumbnail>
  </dir>


  




<dir>
  <title>Airing and Returning</title>
  <tmdb>list/46434</tmdb>
	  <thumbnail>https://i.imgur.com/OGPdU90.png</thumbnail>
</dir>

<dir>
  <title>Ended/Cancelled</title>
  <tmdb>list/46443</tmdb>
	  <thumbnail>https://i.imgur.com/OGPdU90.png</thumbnail>
</dir>

<dir>
	<title>Classics</title>
  <tmdb>list/37592</tmdb>
	  <thumbnail>https://i.imgur.com/OGPdU90.png</thumbnail>
	<content></content>
</dir>


   <dir>
    <title>Premium (Amazon, Netflix)</title>
    <link>https://pastebin.com/raw/7q9kJFKe</link>
  <thumbnail>https://i.imgur.com/YCJTEEc.png</thumbnail>
    <summary></summary>
  </dir>


  <dir>
    <title>S I O P S</title>
    <link>https://pastebin.com/raw/9g7T37wv</link>
  <thumbnail>https://i.imgur.com/YCJTEEc.png</thumbnail>
    <summary></summary>
  </dir>  







</xml>