<?xml version="1.0" encoding="UTF-8" standalone="yes"?>
<addon id="repository.joshua" name="Joshua Repo" version="0.0.2" provider-name="griffin_303">
	<extension point="xbmc.addon.repository" name="Joshua Repository">
    <dir>
      <info compressed="false">https://gitlab.com/TeamUniversal/modules4all/raw/master/addons.xml</info>
      <checksum>https://gitlab.com/TeamUniversal/modules4all/raw/master/addons.xml.md5</checksum>
      <datadir zip="true">https://gitlab.com/TeamUniversal/modules4all/raw/master/</datadir>
    </dir>
		<info compressed="false">https://raw.githubusercontent.com/griffin303/repository.joshua/master/zips/addons.xml</info>
		<checksum>https://raw.githubusercontent.com/griffin303/repository.joshua/master/zips/addons.xml.md5</checksum>
		<datadir zip="true">https://raw.githubusercontent.com/griffin303/repository.joshua/master/zips/</datadir>
	</extension>
	<extension point="xbmc.addon.metadata">
		<summary lang="en">Joshua repo</summary>
		<description lang="en">Joshua repo home of Joshua, FinalGear and more...</description>
		<genre></genre>
	</extension>
</addon>