  <dir>
    <title>1979</title>
    <tmdb>year/movies/1979</tmdb>
    <summary>Browse movies released in 1979</summary>
    <thumbnail>https://raw.githubusercontent.com/OpenELEQ/repository.elysium/master/images/Default/1979.png</thumbnail>
  </dir>

  <dir>
    <title>1978</title>
    <tmdb>year/movies/1978</tmdb>
    <summary>Browse movies released in 1978</summary>
    <thumbnail>https://raw.githubusercontent.com/OpenELEQ/repository.elysium/master/images/Default/1978.png</thumbnail>
  </dir>

  <dir>
    <title>1977</title>
    <tmdb>year/movies/1977</tmdb>
    <summary>Browse movies released in 1977</summary>
    <thumbnail>https://raw.githubusercontent.com/OpenELEQ/repository.elysium/master/images/Default/1977.png</thumbnail>
  </dir>

  <dir>
    <title>1976</title>
    <tmdb>year/movies/1976</tmdb>
    <summary>Browse movies released in 1976</summary>
    <thumbnail>https://raw.githubusercontent.com/OpenELEQ/repository.elysium/master/images/Default/1976.png</thumbnail>
  </dir>

  <dir>
    <title>1975</title>
    <tmdb>year/movies/1975</tmdb>
    <summary>Browse movies released in 1975</summary>
    <thumbnail>https://raw.githubusercontent.com/OpenELEQ/repository.elysium/master/images/Default/1975.png</thumbnail>
  </dir>

  <dir>
    <title>1974</title>
    <tmdb>year/movies/1974</tmdb>
    <summary>Browse movies released in 1974</summary>
    <thumbnail>https://raw.githubusercontent.com/OpenELEQ/repository.elysium/master/images/Default/1974.png</thumbnail>
  </dir>

  <dir>
    <title>1973</title>
    <tmdb>year/movies/1973</tmdb>
    <summary>Browse movies released in 1973</summary>
    <thumbnail>https://raw.githubusercontent.com/OpenELEQ/repository.elysium/master/images/Default/1973.png</thumbnail>
  </dir>

  <dir>
    <title>1972</title>
    <tmdb>year/movies/1972</tmdb>
    <summary>Browse movies released in 1972</summary>
    <thumbnail>https://raw.githubusercontent.com/OpenELEQ/repository.elysium/master/images/Default/1972.png</thumbnail>
  </dir>

  <dir>
    <title>1971</title>
    <tmdb>year/movies/1971</tmdb>
    <summary>Browse movies released in 1971</summary>
    <thumbnail>https://raw.githubusercontent.com/OpenELEQ/repository.elysium/master/images/Default/1971.png</thumbnail>
  </dir>

  <dir>
    <title>1970</title>
    <tmdb>year/movies/1970</tmdb>
    <summary>Browse movies released in 1970</summary>
    <thumbnail>https://raw.githubusercontent.com/OpenELEQ/repository.elysium/master/images/Default/1970.png</thumbnail>
  </dir>