<?xml version="1.0" encoding="UTF-8" standalone="yes"?>
<addon id="repository.joshua" name="Joshua Repo" version="0.0.1" provider-name="griffin303">
	<extension point="xbmc.addon.repository" name="Joshua Repository">
		<dir>
			<info compressed="false">https://raw.githubusercontent.com/noobsandnerds/modules4all/master/zips/addons.xml</info>
			<checksum>https://raw.githubusercontent.com/noobsandnerds/modules4all/master/zips/addons.xml.md5</checksum>
			<datadir zip="true">https://raw.githubusercontent.com/noobsandnerds/modules4all/master/zips/</datadir>
		</dir>
		<info compressed="false">https://raw.githubusercontent.com/griffin303/repository.joshua/master/zips/addons.xml</info>
		<checksum>https://raw.githubusercontent.com/griffin303/repository.joshua/master/zips/addons.xml.md5</checksum>
		<datadir zip="true">https://raw.githubusercontent.com/griffin303/repository.joshua/master/zips/</datadir>
	</extension>
	<extension point="xbmc.addon.metadata">
		<summary lang="en">Joshua repo</summary>
		<description lang="en">griffin303 repo</description>
		<genre></genre>
	</extension>
</addon>